{
  "currentSessionTime": 8912359,
  "localSessionStartTime": 8814046,
  "currentTrackOrdinal": 1660,
  "currentCarOrdinal": 2083,
  "currentLap": 3,
  "currentLapTime": 3.5502355098724365,
  "lastLapTime": 28.786157608032227,
  "lapStartingDistance": 4926.77978515625,
  "lapCurrentDistance": 81.67138671875,
  "lapStartingFuel": 0.16859479248523712,
  "lapStartingWearFL": 0.0277896486222744,
  "lapStartingWearFR": 0.03117813728749752,
  "lapStartingWearRL": 0.019863223657011986,
  "lapStartingWearRR": 0.03117813728749752,
  "currentWearFL": 0.028226912021636963,
  "currentWearFR": 0.03161308169364929,
  "currentWearRL": 0.020343953743577003,
  "currentWearRR": 0.022683167830109596,
  "laps": [
    {
      "Number": 1,
      "Time": 29.585988998413086,
      "IsBestAtTime": true,
      "DeltaDistance": 1646.004150390625,
      "DeltaFuel": -0.014592498540878296,
      "DeltaWearFL": -0.0123066371306777,
      "DeltaWearFR": -0.013621893711388111,
      "DeltaWearRL": -0.009054671972990036,
      "DeltaWearRR": -0.009933672845363617
    },
    {
      "Number": 2,
      "Time": 28.458877563476562,
      "IsBestAtTime": true,
      "DeltaDistance": 1639.2158203125,
      "DeltaFuel": -0.008400902152061462,
      "DeltaWearFL": -0.0077048493549227715,
      "DeltaWearFR": -0.008735070936381817,
      "DeltaWearRL": -0.005400185473263264,
      "DeltaWearRR": -0.002420892007648945
    },
    {
      "Number": 3,
      "Time": 28.786157608032227,
      "IsBestAtTime": false,
      "DeltaDistance": 1641.559814453125,
      "DeltaFuel": -0.0084114670753479,
      "DeltaWearFL": -0.007778162136673927,
      "DeltaWearFR": -0.008821172639727592,
      "DeltaWearRL": -0.005408366210758686,
      "DeltaWearRR": 0.00016102567315101624
    }
  ],
  "last_packet": {
    "IsRaceOn": true,
    "SessionTimeMS": 8912359,
    "EngineMaxRpm": 8499.9951171875,
    "EngineIdleRpm": 799.99951171875,
    "CurrentEngineRpm": 5147.33056640625,
    "AccelerationX": -0.2461686134338379,
    "AccelerationY": 1.4094845056533813,
    "AccelerationZ": -2.6969969272613525,
    "VelocityX": -0.028429508209228516,
    "VelocityY": 0.5837500691413879,
    "VelocityZ": 50.41576385498047,
    "AngularVelocityX": -0.02376618981361389,
    "AngularVelocityY": -0.0048581981100142,
    "AngularVelocityZ": 0.01243835873901844,
    "Yaw": 3.1181259155273438,
    "Pitch": -0.006554577499628067,
    "Roll": 0.05835255607962608,
    "NormalizedSuspensionTravelFrontLeft": 0.684613823890686,
    "NormalizedSuspensionTravelFrontRight": 0.6926466226577759,
    "NormalizedSuspensionTravelRearLeft": 0.6490176916122437,
    "NormalizedSuspensionTravelRearRight": 0.6392824053764343,
    "TireSlipRatioFrontLeft": 0.0015792576596140862,
    "TireSlipRatioFrontRight": 0.0015250263968482614,
    "TireSlipRatioRearLeft": -0.015431181527674198,
    "TireSlipRatioRearRight": -0.015650389716029167,
    "WheelRotationSpeedFrontLeft": 195.96795654296875,
    "WheelRotationSpeedFrontRight": 195.9959716796875,
    "WheelRotationSpeedRearLeft": 188.37429809570312,
    "WheelRotationSpeedRearRight": 188.3982391357422,
    "WheelOnRumbleStripFrontLeft": 0,
    "WheelOnRumbleStripFrontRight": 0,
    "WheelOnRumbleStripRearLeft": 0,
    "WheelOnRumbleStripRearRight": 0,
    "WheelInPuddleDepthFrontLeft": 0,
    "WheelInPuddleDepthFrontRight": 0,
    "WheelInPuddleDepthRearLeft": 0,
    "WheelInPuddleDepthRearRight": 0,
    "SurfaceRumbleFrontLeft": 0,
    "SurfaceRumbleFrontRight": 0,
    "SurfaceRumbleRearLeft": 0,
    "SurfaceRumbleRearRight": 0,
    "TireSlipAngleFrontLeft": 0.009117016568779945,
    "TireSlipAngleFrontRight": 0.0021860701963305473,
    "TireSlipAngleRearLeft": 0.031374044716358185,
    "TireSlipAngleRearRight": -0.02408299781382084,
    "TireCombinedSlipFrontLeft": 0.009252785705029964,
    "TireCombinedSlipFrontRight": 0.0026654470711946487,
    "TireCombinedSlipRearLeft": 0.03496358171105385,
    "TireCombinedSlipRearRight": 0.028721516951918602,
    "SuspensionTravelMetersFrontLeft": 0.00936669111251831,
    "SuspensionTravelMetersFrontRight": 0.009752128273248672,
    "SuspensionTravelMetersRearLeft": 0.006601964123547077,
    "SuspensionTravelMetersRearRight": 0.0061055198311805725,
    "CarOrdinal": 2083,
    "CarClass": 5,
    "CarPerformanceIndex": 701,
    "DrivetrainType": 1,
    "NumCylinders": 2,
    "PositionX": -163.3892059326172,
    "PositionY": 1.3168407678604126,
    "PositionZ": -354.6285095214844,
    "Speed": 50.41914749145508,
    "Power": -32352.837890625,
    "Torque": -60.01272201538086,
    "TireTempFrontLeft": 90.3338623046875,
    "TireTempFrontRight": 93.72322930230035,
    "TireTempRearLeft": 69.24313863118489,
    "TireTempRearRight": 69.24313863118489,
    "Boost": 0,
    "Fuel": 0.16824673116207123,
    "DistanceTraveled": 5008.451171875,
    "BestLap": 28.458877563476562,
    "LastLap": 28.786157608032227,
    "CurrentLap": 3.5502355098724365,
    "CurrentRaceTime": 106.62306213378906,
    "LapNumber": 3,
    "RacePosition": 1,
    "Accel": 0,
    "Brake": 0,
    "Clutch": 0,
    "HandBrake": 0,
    "Gear": 5,
    "Steer": 0,
    "NormalizedDrivingLine": -105,
    "NormalizedAIBrakeDifference": 0,
    "TireWearFrontLeft": 0.028226912021636963,
    "TireWearFrontRight": 0.03161308169364929,
    "TireWearRearLeft": 0.020343953743577003,
    "TireWearRearRight": 0.022683167830109596,
    "TrackOrdinal": 1660
  }
}