{
  "currentSessionTime": 2904093,
  "localSessionStartTime": 2576937,
  "currentTrackOrdinal": "35",
  "currentCarOrdinal": "3311",
  "currentLap": 3,
  "currentLapTime": 0.9512484073638916,
  "lastLapTime": 108.45711517333984,
  "bestLapTime": 108.45711517333984,
  "avgLapTime": 108.8058598836263,
  "lapStartingDistance": 15740.6689453125,
  "lapCurrentDistance": 73.5849609375,
  "lapStartingFuel": 0.7698662877082825,
  "currentFuel": 0.7690971493721008,
  "avgFuelUsage": -0.07100099325180054,
  "lapStartingWearFL": 0.0758642703294754,
  "lapStartingWearFR": 0.07482296228408813,
  "lapStartingWearRL": 0.072099968791008,
  "lapStartingWearRR": 0.07482296228408813,
  "currentWearFL": 0.0760166123509407,
  "currentWearFR": 0.07496948540210724,
  "currentWearRL": 0.07228860259056091,
  "currentWearRR": 0.0721367821097374,
  "avgTireWear": -0.024361900985240936,
  "lapMaxSpeed": 80.54564666748047,
  "lapMinSpeed": 79.2469482421875,
  "lapStartingPosition": 1,
  "laps": [
    {
      "Number": 1,
      "Time": 108.75135803222656,
      "IsBestAtTime": true,
      "DeltaDistance": 5247.2724609375,
      "DeltaFuel": -0.07009482383728027,
      "MaxSpeed": 85.01132202148438,
      "MinSpeed": 24.1343936920166,
      "PositionChanges": 0,
      "DeltaWearFL": -0.027064163237810135,
      "DeltaWearFR": -0.027194401249289513,
      "DeltaWearRL": -0.026468638330698013,
      "DeltaWearRR": -0.02660405822098255,
      "AvgWear": -0.026832815259695053
    },
    {
      "Number": 2,
      "Time": 109.2091064453125,
      "IsBestAtTime": false,
      "DeltaDistance": 5245.9892578125,
      "DeltaFuel": -0.06971532106399536,
      "MaxSpeed": 85.93157958984375,
      "MinSpeed": 22.798154830932617,
      "PositionChanges": 0,
      "DeltaWearFL": -0.02432537078857422,
      "DeltaWearFR": -0.02371002547442913,
      "DeltaWearRL": -0.022614020854234695,
      "DeltaWearRR": -0.02189830131828785,
      "AvgWear": -0.023136929608881474
    },
    {
      "Number": 3,
      "Time": 108.45711517333984,
      "IsBestAtTime": true,
      "DeltaDistance": 5247.4072265625,
      "DeltaFuel": -0.07319283485412598,
      "MaxSpeed": 87.65204620361328,
      "MinSpeed": 24.66988182067871,
      "PositionChanges": 0,
      "DeltaWearFL": -0.02447473630309105,
      "DeltaWearFR": -0.02391853556036949,
      "DeltaWearRL": -0.023017309606075287,
      "DeltaWearRR": -0.0210532508790493,
      "AvgWear": -0.023115958087146282
    }
  ],
  "last_packet": {
    "IsRaceOn": true,
    "SessionTimeMS": 2904093,
    "EngineMaxRpm": 9999.9951171875,
    "EngineIdleRpm": 799.99951171875,
    "CurrentEngineRpm": 7825.13525390625,
    "AccelerationX": 10.173588752746582,
    "AccelerationY": 0.5685337781906128,
    "AccelerationZ": -3.2449936866760254,
    "VelocityX": -1.3113250732421875,
    "VelocityY": 0.04135860502719879,
    "VelocityZ": 79.71818542480469,
    "AngularVelocityX": 0.0010594530031085014,
    "AngularVelocityY": 0.07511571049690247,
    "AngularVelocityZ": -0.04131145402789116,
    "Yaw": 1.8991600275039673,
    "Pitch": -0.010040859691798687,
    "Roll": -0.009163156151771545,
    "NormalizedSuspensionTravelFrontLeft": 0.6167968511581421,
    "NormalizedSuspensionTravelFrontRight": 0.4404987096786499,
    "NormalizedSuspensionTravelRearLeft": 0.6354076266288757,
    "NormalizedSuspensionTravelRearRight": 0.5068174600601196,
    "TireSlipRatioFrontLeft": 0.001970363548025489,
    "TireSlipRatioFrontRight": 0.0008145825122483075,
    "TireSlipRatioRearLeft": -0.007594273891299963,
    "TireSlipRatioRearRight": -0.010024400427937508,
    "WheelRotationSpeedFrontLeft": 244.21401977539062,
    "WheelRotationSpeedFrontRight": 243.78439331054688,
    "WheelRotationSpeedRearLeft": 222.96829223632812,
    "WheelRotationSpeedRearRight": 222.56063842773438,
    "WheelOnRumbleStripFrontLeft": 0,
    "WheelOnRumbleStripFrontRight": 0,
    "WheelOnRumbleStripRearLeft": 0,
    "WheelOnRumbleStripRearRight": 0,
    "WheelInPuddleDepthFrontLeft": 0,
    "WheelInPuddleDepthFrontRight": 0,
    "WheelInPuddleDepthRearLeft": 0,
    "WheelInPuddleDepthRearRight": 0,
    "SurfaceRumbleFrontLeft": 0,
    "SurfaceRumbleFrontRight": 0,
    "SurfaceRumbleRearLeft": 0,
    "SurfaceRumbleRearRight": 0,
    "TireSlipAngleFrontLeft": 0.04605055972933769,
    "TireSlipAngleFrontRight": 0.04707048460841179,
    "TireSlipAngleRearLeft": 0.2395857721567154,
    "TireSlipAngleRearRight": 0.1660546064376831,
    "TireCombinedSlipFrontLeft": 0.046092692762613297,
    "TireCombinedSlipFrontRight": 0.04707753285765648,
    "TireCombinedSlipRearLeft": 0.2397060990333557,
    "TireCombinedSlipRearRight": 0.1663569062948227,
    "SuspensionTravelMetersFrontLeft": 0.021181046962738037,
    "SuspensionTravelMetersFrontRight": 0.006542280316352844,
    "SuspensionTravelMetersRearLeft": 0.019131094217300415,
    "SuspensionTravelMetersRearRight": 0.007185675203800201,
    "CarOrdinal": 3311,
    "CarClass": 7,
    "CarPerformanceIndex": 934,
    "DrivetrainType": 1,
    "NumCylinders": 12,
    "PositionX": 472.314208984375,
    "PositionY": 4.965604782104492,
    "PositionZ": -140.0421600341797,
    "Speed": 79.7289810180664,
    "Power": -92679.109375,
    "Torque": -113.0875015258789,
    "TireTempFrontLeft": 94.58280775282118,
    "TireTempFrontRight": 94.65095520019531,
    "TireTempRearLeft": 95.81890530056424,
    "TireTempRearRight": 95.81890530056424,
    "Boost": 0,
    "Fuel": 0.7690971493721008,
    "DistanceTraveled": 15814.25390625,
    "BestLap": 108.45711517333984,
    "LastLap": 108.45711517333984,
    "CurrentLap": 0.9512484073638916,
    "CurrentRaceTime": 345.9283752441406,
    "LapNumber": 3,
    "RacePosition": 1,
    "Accel": 0,
    "Brake": 0,
    "Clutch": 0,
    "HandBrake": 0,
    "Gear": 6,
    "Steer": 0,
    "NormalizedDrivingLine": -90,
    "NormalizedAIBrakeDifference": 0,
    "TireWearFrontLeft": 0.0760166123509407,
    "TireWearFrontRight": 0.07496948540210724,
    "TireWearRearLeft": 0.07228860259056091,
    "TireWearRearRight": 0.0721367821097374,
    "TrackOrdinal": 35
  }
}